{
  "dataset": "liar",
  "model": "distilbert-base-uncased",
  "test_accuracy": 0.6124458448207956,
  "test_f1": 0.7088757396449704,
  "test_precision": 0.6109127995920449,
  "test_recall": 0.8442565186751233,
  "test_loss": 0.6933155059814453,
  "hyperparameters": {
    "learning_rate": 3e-05,
    "batch_size": 32,
    "epochs": 5,
    "max_length": 128,
    "weight_decay": 0.01,
    "warmup_steps": 200
  }
}